"X","id","dam","sire","sire_pack","dam_birth_dates","dam_birth_litter","dam_pack","dam_birth_pack","dam_immigrant","pup_birth_date","pup_birth_pack","pup_birth_litter","pup_litter_code","pup_conception_date","dam_parents_assigned","exp","prop_potential_sires","sire_parents_assigned","ds","relatedness"
114,"HF016","C8","9Q","1H","17-Sep-97","B00","1H","1B",1,"01-Jan-01","1H","H0101","1H.01-Jan-01","2000-11-02",1,FALSE,0.8,1,"C8 9Q",0
154,"HF039","C8","9Q","1H","17-Sep-97","B00","1H","1B",1,"27-Apr-02","1H","H0201","1H.27-Apr-02","2002-02-26",1,FALSE,0.875,1,"C8 9Q",0
163,"HM044","C8","C9","5B","17-Sep-97","B00","1H","1B",1,"30-Aug-02","1H","H0202","1H.30-Aug-02","2002-07-01",1,FALSE,0.909090909090909,1,"C8 C9",0
167,"HF045","C8","C9","5B","17-Sep-97","B00","1H","1B",1,"06-Nov-02","1H","H0203","1H.06-Nov-02","2002-09-07",1,FALSE,0.909090909090909,1,"C8 C9",0
169,"HF056","C8","9Q","1H","17-Sep-97","B00","1H","1B",1,"29-Apr-03","1H","H0302","1H.29-Apr-03","2003-02-28",1,FALSE,0.888888888888889,1,"C8 9Q",0
181,"HF071","C8","9Q","1H","17-Sep-97","B00","1H","1B",1,"14-Jan-04","1H","H0401","1H.14-Jan-04","2003-11-15",1,FALSE,0.8125,1,"C8 9Q",0
184,"HF079","C8","9Q","1H","17-Sep-97","B00","1H","1B",1,"24-Apr-04","1H","H0402","1H.24-Apr-04","2004-02-24",1,FALSE,0.823529411764706,1,"C8 9Q",0
185,"FF077","FF058","1F","4","07-Oct-02","F0203","4B","4B",0,"07-May-04","4B","F0402","4B.07-May-04","2004-03-08",1,FALSE,0.8125,0,"FF058 1F",0.5
187,"FM079","FF024","W9","4B","03-Nov-00","F0005","4B","4B",0,"07-May-04","4B","F0402","4B.07-May-04","2004-03-08",1,FALSE,0.8125,1,"FF024 W9",0.25
188,"FM083","FF058","FM014","4B","07-Oct-02","F0203","4B","4B",0,"07-May-04","4B","F0402","4B.07-May-04","2004-03-08",1,FALSE,0.8125,1,"FF058 FM014",0.5
192,"HF085","C8","9Q","1H","17-Sep-97","B00","1H","1B",1,"04-Jul-04","1H","H0403","1H.04-Jul-04","2004-05-05",1,FALSE,0.882352941176471,1,"C8 9Q",0
197,"FF104","FF067","FM014","4B","26-May-03","F0301","4B","4B",0,"10-May-05","4B","F0501","4B.10-May-05","2005-03-11",1,FALSE,1,1,"FF067 FM014",0
198,"FM097","FF058","FM014","4B","07-Oct-02","F0203","4B","4B",0,"10-May-05","4B","F0501","4B.10-May-05","2005-03-11",1,FALSE,1,1,"FF058 FM014",0.5
200,"FF122","FF067","FM014","4B","26-May-03","F0301","4B","4B",0,"28-Dec-05","4B","F0504","4B.28-Dec-05","2005-10-29",1,FALSE,0.941176470588235,1,"FF067 FM014",0
207,"DM093","DF024","DM023","11","29-Apr-03","D0301","11","11",0,"24-Nov-06","11","D0605","11.24-Nov-06","2006-09-25",1,FALSE,0.846153846153846,1,"DF024 DM023",0.25
212,"DF102","DF055","DM023","11","14-Oct-04","D0403","11","11",0,"12-May-07","11","D0701","11.12-May-07","2007-03-13",1,FALSE,0.833333333333333,1,"DF055 DM023",0.5
213,"DF110","DF006","BC","11","01-Dec-00","D0004","11","11",0,"12-May-07","11","D0701","11.12-May-07","2007-03-13",1,FALSE,0.833333333333333,1,"DF006 BC",0.25
214,"DF119","DF006","BC","11","01-Dec-00","D0004","11","11",0,"04-Oct-07","11","D0702","11.04-Oct-07","2007-08-05",1,FALSE,0.888888888888889,1,"DF006 BC",0.25
215,"DM114","DF055","DM023","11","14-Oct-04","D0403","11","11",0,"04-Oct-07","11","D0702","11.04-Oct-07","2007-08-05",1,FALSE,0.888888888888889,1,"DF055 DM023",0.5
220,"DM121","DF017","BC","11","17-Sep-02","D0203","11","11",0,"20-Dec-07","11","D0703","11.20-Dec-07","2007-10-21",1,FALSE,0.888888888888889,1,"DF017 BC",0
221,"DM124","DF006","DM023","11","01-Dec-00","D0004","11","11",0,"08-May-08","11","D0801","11.08-May-08","2008-03-09",1,FALSE,0.875,1,"DF006 DM023",0.25
249,"DF167","DF055","DM027","11","14-Oct-04","D0403","11","11",0,"28-Dec-09","11","D0905","11.28-Dec-09","2009-10-29",1,FALSE,0.833333333333333,1,"DF055 DM027",0.5
255,"DM170","DF055","DM027","11","14-Oct-04","D0403","11","11",0,"12-May-10","11","D1002","11.12-May-10","2010-03-13",1,FALSE,0.833333333333333,1,"DF055 DM027",0.5
258,"DM179","DF055","DM023","11","14-Oct-04","D0403","11","11",0,"23-Jul-10","11","D1003","11.23-Jul-10","2010-05-24",1,FALSE,0.833333333333333,1,"DF055 DM023",0.5
261,"DF190","DF055","DM027","11","14-Oct-04","D0403","11","11",0,"22-Oct-11","11","D1107","11.22-Oct-11","2011-08-23",1,FALSE,0.933333333333333,1,"DF055 DM027",0.5
262,"DM191","DF055","DM023","11","14-Oct-04","D0403","11","11",0,"22-Oct-11","11","D1107","11.22-Oct-11","2011-08-23",1,FALSE,0.933333333333333,1,"DF055 DM023",0.5
263,"DF200","DF055","DM027","11","14-Oct-04","D0403","11","11",0,"16-May-12","11","D1202","11.16-May-12","2012-03-17",1,FALSE,0.933333333333333,1,"DF055 DM027",0.5
264,"DM213","DF055","DM027","11","14-Oct-04","D0403","11","11",0,"06-Oct-12","11","D1204","11.06-Oct-12","2012-08-07",1,FALSE,0.866666666666667,1,"DF055 DM027",0.5
265,"DM219","DF055","DM027","11","14-Oct-04","D0403","11","11",0,"16-Apr-13","11","D1301","11.16-Apr-13","2013-02-15",1,FALSE,0.846153846153846,1,"DF055 DM027",0.5
280,"HF015","M3","98","5B","08-Jul-98","B04","1H","1B",1,"01-Jan-01","1H","H0101","1H.01-Jan-01","2000-11-02",1,FALSE,0.8,0,"M3 98",0
281,"HF023","M3","C9","5B","08-Jul-98","B04","1H","1B",1,"01-Jan-01","1H","H0101","1H.01-Jan-01","2000-11-02",1,FALSE,0.8,1,"M3 C9",0
293,"HM041","M3","C9","5B","08-Jul-98","B04","1H","1B",1,"27-Apr-02","1H","H0201","1H.27-Apr-02","2002-02-26",1,FALSE,0.875,1,"M3 C9",0
305,"HM049","M3","9Q","1H","08-Jul-98","B04","1H","1B",1,"06-Nov-02","1H","H0203","1H.06-Nov-02","2002-09-07",1,FALSE,0.909090909090909,1,"M3 9Q",0
314,"HF055","M2","HM028","1H","08-Jul-98","B04","1H","1B",1,"29-Apr-03","1H","H0302","1H.29-Apr-03","2003-02-28",1,FALSE,0.888888888888889,1,"M2 HM028",0.0625
315,"HF058","M2","BT","1H","08-Jul-98","B04","1H","1B",1,"29-Apr-03","1H","H0302","1H.29-Apr-03","2003-02-28",1,FALSE,0.888888888888889,1,"M2 BT",0
335,"KM024","AU","CM011","1C","03-Oct-99","B10","1B","1B",0,"27-Mar-04","1K","K0402","1K.27-Mar-04","2004-01-27",1,FALSE,0.846153846153846,0,"AU CM011",0
336,"HF080","M3","9Q","1H","08-Jul-98","B04","1H","1B",1,"24-Apr-04","1H","H0402","1H.24-Apr-04","2004-02-24",1,FALSE,0.823529411764706,1,"M3 9Q",0
338,"FF086","FF017","W9","4B","03-Nov-00","F0005","4B","4B",0,"07-May-04","4B","F0402","4B.07-May-04","2004-03-08",1,FALSE,0.8125,1,"FF017 W9",0
340,"KF028","AU","BQ","1C","03-Oct-99","B10","1B","1B",0,"01-Jun-04","1K","K0403","1K.01-Jun-04","2004-04-02",1,FALSE,0.857142857142857,0,"AU BQ",0
346,"HF083","M3","9Q","1H","08-Jul-98","B04","1H","1B",1,"04-Jul-04","1H","H0403","1H.04-Jul-04","2004-05-05",1,FALSE,0.882352941176471,1,"M3 9Q",0
347,"HM087","HF033","BT","1H","25-Jun-01","H0103","1H","1H",0,"04-Jul-04","1H","H0403","1H.04-Jul-04","2004-05-05",1,FALSE,0.882352941176471,1,"HF033 BT",0.25
357,"FF093","FF017","BH","4B","03-Nov-00","F0005","4B","4B",0,"01-Nov-04","4B","F0403","4B.01-Nov-04","2004-09-02",1,FALSE,0.882352941176471,1,"FF017 BH",0.5
365,"KM046","AU","BQ","1C","03-Oct-99","B10","1B","1B",0,"26-Mar-05","1K","K0502","1K.26-Mar-05","2005-01-25",1,FALSE,0.846153846153846,0,"AU BQ",0
372,"HM091","HF063","HM042","1H","29-Apr-03","H0302","1H","1H",0,"19-Apr-05","1H","H0502","1H.19-Apr-05","2005-02-18",1,FALSE,0.875,0,"HF063 HM042",0.25
374,"FF106","FF067","FM039","4B","26-May-03","F0301","4B","4B",0,"10-May-05","4B","F0501","4B.10-May-05","2005-03-11",1,FALSE,1,1,"FF067 FM039",0.25
375,"FF108","FF059","FM033","11","26-May-03","F0301","4B","4B",0,"10-May-05","4B","F0501","4B.10-May-05","2005-03-11",1,FALSE,1,1,"FF059 FM033",0.25
376,"FM098","FF059","BH","4B","26-May-03","F0301","4B","4B",0,"10-May-05","4B","F0501","4B.10-May-05","2005-03-11",1,FALSE,1,1,"FF059 BH",0.25
377,"FM100","FF069","FM033","11","26-May-03","F0301","4B","4B",0,"10-May-05","4B","F0501","4B.10-May-05","2005-03-11",1,FALSE,1,1,"FF069 FM033",0.25
378,"FM105","FF017","BH","4B","03-Nov-00","F0005","4B","4B",0,"10-May-05","4B","F0501","4B.10-May-05","2005-03-11",1,FALSE,1,1,"FF017 BH",0.5
379,"KM053","AU","BQ","1C","03-Oct-99","B10","1B","1B",0,"04-Jun-05","1K","K0503","1K.04-Jun-05","2005-04-05",1,FALSE,0.888888888888889,0,"AU BQ",0
382,"HF100","HF039","HM009","1H","27-Apr-02","H0201","1H","1H",0,"28-Jul-05","1H","H0503","1H.28-Jul-05","2005-05-29",1,FALSE,0.882352941176471,1,"HF039 HM009",0.375
384,"BF272","BF202","BM111","1B","27-Mar-04","B0402","1B","1B",0,"28-Aug-05","1B","B0504","1B.28-Aug-05","2005-06-29",1,FALSE,0.944444444444444,1,"BF202 BM111",0.25
385,"BF274","BF203","BM111","1B","27-Mar-04","B0402","1B","1B",0,"28-Aug-05","1B","B0504","1B.28-Aug-05","2005-06-29",1,FALSE,0.944444444444444,1,"BF203 BM111",0.5
390,"FF119","FF058","FM025","4B","07-Oct-02","F0203","4B","4B",0,"28-Dec-05","4B","F0504","4B.28-Dec-05","2005-10-29",1,FALSE,0.941176470588235,1,"FF058 FM025",0
391,"FF123","FF059","BH","4B","26-May-03","F0301","4B","4B",0,"28-Dec-05","4B","F0504","4B.28-Dec-05","2005-10-29",1,FALSE,0.941176470588235,1,"FF059 BH",0.25
392,"FM121","FF017","FM068","4C","03-Nov-00","F0005","4B","4B",0,"28-Dec-05","4B","F0504","4B.28-Dec-05","2005-10-29",1,FALSE,0.941176470588235,1,"FF017 FM068",0.25
410,"HM131","HF039","HM005","1H","27-Apr-02","H0201","1H","1H",0,"17-Apr-07","1H","H0701","1H.17-Apr-07","2007-02-16",1,FALSE,0.888888888888889,1,"HF039 HM005",0.125
411,"BF348","BF202","BM111","1B","27-Mar-04","B0402","1B","1B",0,"16-Jun-07","1B","B0704","1B.16-Jun-07","2007-04-17",1,FALSE,0.9375,1,"BF202 BM111",0.25
412,"HF132","HF039","HM005","1H","27-Apr-02","H0201","1H","1H",0,"26-Jun-07","1H","H0702","1H.26-Jun-07","2007-04-27",1,FALSE,0.9,1,"HF039 HM005",0.125
413,"FF144","FF058","BH","4B","07-Oct-02","F0203","4B","4B",0,"21-Oct-07","4B","F0704","4B.21-Oct-07","2007-08-22",1,FALSE,1,1,"FF058 BH",0
415,"BM354","BF202","BM054","1B","27-Mar-04","B0402","1B","1B",0,"06-Nov-07","1B","B0707","1B.06-Nov-07","2007-09-07",1,FALSE,1,1,"BF202 BM054",0.25
416,"HF148","HF039","HM005","1H","27-Apr-02","H0201","1H","1H",0,"11-Nov-07","1H","H0704","1H.11-Nov-07","2007-09-12",1,FALSE,0.888888888888889,1,"HF039 HM005",0.125
421,"FF146","FF058","BH","4B","07-Oct-02","F0203","4B","4B",0,"09-Jan-08","4B","F0801","4B.09-Jan-08","2007-11-10",1,FALSE,1,1,"FF058 BH",0
423,"HM165","HF039","HM005","1H","27-Apr-02","H0201","1H","1H",0,"06-May-08","1H","H0802","1H.06-May-08","2008-03-07",1,FALSE,1,1,"HF039 HM005",0.125
424,"FM149","FF058","BH","4B","07-Oct-02","F0203","4B","4B",0,"19-May-08","4B","F0802","4B.19-May-08","2008-03-20",1,FALSE,1,1,"FF058 BH",0
429,"FM157","FF058","BH","4B","07-Oct-02","F0203","4B","4B",0,"15-Oct-08","4B","F0804","4B.15-Oct-08","2008-08-16",1,FALSE,1,1,"FF058 BH",0
434,"DF187","DF130","DM047","11","11-Oct-08","D0803","11","11",0,"02-Aug-11","11","D1106","11.02-Aug-11","2011-06-03",1,FALSE,0.923076923076923,0,"DF130 DM047",0
435,"DM189","DF137","DM027","11","11-Oct-08","D0803","11","11",0,"02-Aug-11","11","D1106","11.02-Aug-11","2011-06-03",1,FALSE,0.923076923076923,1,"DF137 DM027",0.5
441,"DM205","DF130","DM027","11","11-Oct-08","D0803","11","11",0,"16-May-12","11","D1202","11.16-May-12","2012-03-17",1,FALSE,0.933333333333333,1,"DF130 DM027",0.75
445,"DF216","DF130","DM186","11","11-Oct-08","D0803","11","11",0,"06-Oct-12","11","D1204","11.06-Oct-12","2012-08-07",1,FALSE,0.866666666666667,0,"DF130 DM186",0.375
448,"DF235","DF208","DM180","11","16-May-12","D1202","11","11",0,"12-Dec-13","11","D1304","11.12-Dec-13","2013-10-13",1,FALSE,0.947368421052632,1,"DF208 DM180",0.625
449,"DF223","DF130","DM027","11","11-Oct-08","D0803","11","11",0,"26-Jun-13","11","D1302","11.26-Jun-13","2013-04-27",1,FALSE,0.846153846153846,1,"DF130 DM027",0.75
453,"HF050","HF031","BJ","1H","25-Jun-01","H0103","1H","1H",0,"17-Jan-03","1H","H0301","1H.17-Jan-03","2002-11-18",1,FALSE,0.909090909090909,1,"HF031 BJ",0.25
454,"HM051","C8","HM041","1H","17-Sep-97","B00","1H","1B",1,"17-Jan-03","1H","H0301","1H.17-Jan-03","2002-11-18",1,FALSE,0.909090909090909,1,"C8 HM041",0.0625
455,"HM052","HF039","HM041","1H","27-Apr-02","H0201","1H","1H",0,"17-Jan-03","1H","H0301","1H.17-Jan-03","2002-11-18",1,FALSE,0.909090909090909,1,"HF039 HM041",0.09375
458,"HF062","M2","BJ","1H","08-Jul-98","B04","1H","1B",1,"29-Apr-03","1H","H0302","1H.29-Apr-03","2003-02-28",1,FALSE,0.888888888888889,1,"M2 BJ",0.125
459,"HM060","HF031","BJ","1H","25-Jun-01","H0103","1H","1H",0,"29-Apr-03","1H","H0302","1H.29-Apr-03","2003-02-28",1,FALSE,0.888888888888889,1,"HF031 BJ",0.25
460,"BF164","BF100","BM028","1B","06-Mar-02","B0201","1B","1B",0,"07-Jul-03","1B","B0303","1B.07-Jul-03","2003-05-08",1,FALSE,0.818181818181818,1,"BF100 BM028",0
461,"BF170","BF099","BM024","1B","06-Mar-02","B0201","1B","1B",0,"07-Jul-03","1B","B0303","1B.07-Jul-03","2003-05-08",1,FALSE,0.818181818181818,1,"BF099 BM024",0.03125
462,"BF171","BF137","BM104","1B","27-Sep-02","B0204","1B","1B",0,"07-Jul-03","1B","B0303","1B.07-Jul-03","2003-05-08",1,FALSE,0.818181818181818,1,"BF137 BM104",0.125
466,"BF208","BF148","BM104","1B","17-Feb-03","B0301","1B","1B",0,"27-Mar-04","1B","B0402","1B.27-Mar-04","2004-01-27",1,FALSE,0.846153846153846,1,"BF148 BM104",0.0625
467,"BF221","BF100","BM028","1B","06-Mar-02","B0201","1B","1B",0,"27-Mar-04","1B","B0402","1B.27-Mar-04","2004-01-27",1,FALSE,0.846153846153846,1,"BF100 BM028",0
468,"BF222","BF137","BM111","1B","27-Sep-02","B0204","1B","1B",0,"27-Mar-04","1B","B0402","1B.27-Mar-04","2004-01-27",1,FALSE,0.846153846153846,1,"BF137 BM111",0
469,"BM199","BF135","BM029","1N","27-Sep-02","B0204","1B","1B",0,"27-Mar-04","1B","B0402","1B.27-Mar-04","2004-01-27",1,FALSE,0.846153846153846,1,"BF135 BM029",0.5
470,"BM201","BF100","BM030","1B","06-Mar-02","B0201","1B","1B",0,"27-Mar-04","1B","B0402","1B.27-Mar-04","2004-01-27",1,FALSE,0.846153846153846,1,"BF100 BM030",0.5
471,"BM211","BF135","BM104","1B","27-Sep-02","B0204","1B","1B",0,"27-Mar-04","1B","B0402","1B.27-Mar-04","2004-01-27",1,FALSE,0.846153846153846,1,"BF135 BM104",0.125
473,"HM078","C8","BJ","1H","17-Sep-97","B00","1H","1B",1,"24-Apr-04","1H","H0402","1H.24-Apr-04","2004-02-24",1,FALSE,0.823529411764706,1,"C8 BJ",0.0625
474,"FF082","FF066","FM014","4B","26-May-03","F0301","4B","4B",0,"07-May-04","4B","F0402","4B.07-May-04","2004-03-08",1,FALSE,0.8125,1,"FF066 FM014",0.5
479,"BF233","BF135","BM054","1B","27-Sep-02","B0204","1B","1B",0,"08-Jun-04","1B","B0403","1B.08-Jun-04","2004-04-09",1,FALSE,0.857142857142857,1,"BF135 BM054",0
480,"BF234","BF148","BM030","1B","17-Feb-03","B0301","1B","1B",0,"08-Jun-04","1B","B0403","1B.08-Jun-04","2004-04-09",1,FALSE,0.857142857142857,1,"BF148 BM030",0.125
481,"HM084","HF031","HM028","1H","25-Jun-01","H0103","1H","1H",0,"04-Jul-04","1H","H0403","1H.04-Jul-04","2004-05-05",1,FALSE,0.882352941176471,1,"HF031 HM028",0.28125
482,"HM086","HF033","BJ","1H","25-Jun-01","H0103","1H","1H",0,"04-Jul-04","1H","H0403","1H.04-Jul-04","2004-05-05",1,FALSE,0.882352941176471,1,"HF033 BJ",0
483,"VF019","HF021","VM001","12","01-Jan-01","H0101","1H","1H",0,"08-Jul-04","12","V0402","12.08-Jul-04","2004-05-09",1,FALSE,0.882352941176471,0,"HF021 VM001",0
484,"BP238","BF148","BM036","1B","17-Feb-03","B0301","1B","1B",0,"21-Aug-04","1B","B0404","1B.21-Aug-04","2004-06-22",1,FALSE,0.857142857142857,1,"BF148 BM036",0.5625
489,"BF249","BF162","BM030","1B","30-Apr-03","B0302","1B","1B",0,"30-Oct-04","1B","B0405","1B.30-Oct-04","2004-08-31",1,FALSE,0.846153846153846,1,"BF162 BM030",0
503,"HF093","HF068","HM034","1H","31-Oct-03","H0304","1H","1H",0,"19-Apr-05","1H","H0502","1H.19-Apr-05","2005-02-18",1,FALSE,0.875,1,"HF068 HM034",0.125
504,"HM092","HF068","HM042","1H","31-Oct-03","H0304","1H","1H",0,"19-Apr-05","1H","H0502","1H.19-Apr-05","2005-02-18",1,FALSE,0.875,0,"HF068 HM042",0.25
505,"HM097","HF039","BJ","1H","27-Apr-02","H0201","1H","1H",0,"30-Apr-05","1H","H0502","1H.30-Apr-05","2005-03-01",1,FALSE,0.866666666666667,1,"HF039 BJ",0.03125
506,"FF099","FF066","FM014","4B","26-May-03","F0301","4B","4B",0,"10-May-05","4B","F0501","4B.10-May-05","2005-03-11",1,FALSE,1,1,"FF066 FM014",0.5
508,"BF267","BF214","BM146","1B","27-Mar-04","B0402","1B","1B",0,"13-Jun-05","1B","B0503","1B.13-Jun-05","2005-04-14",1,FALSE,0.888888888888889,1,"BF214 BM146",0.0625
509,"VM027","HF021","VM001","12","01-Jan-01","H0101","1H","1H",0,"21-Jun-05","12","V0502","12.21-Jun-05","2005-04-22",1,FALSE,0.866666666666667,0,"HF021 VM001",0
510,"BM270","BF203","BM029","1N","27-Mar-04","B0402","1B","1B",0,"22-Jun-05","1B","B0503","1B.22-Jun-05","2005-04-23",1,FALSE,0.888888888888889,1,"BF203 BM029",0
511,"BF273","BF214","BM146","1B","27-Mar-04","B0402","1B","1B",0,"28-Aug-05","1B","B0504","1B.28-Aug-05","2005-06-29",1,FALSE,0.944444444444444,1,"BF214 BM146",0.0625
512,"BM278","BF162","BM029","1N","30-Apr-03","B0302","1B","1B",0,"28-Aug-05","1B","B0504","1B.28-Aug-05","2005-06-29",1,FALSE,0.944444444444444,1,"BF162 BM029",0
513,"FM120","FF066","BH","4B","26-May-03","F0301","4B","4B",0,"28-Dec-05","4B","F0504","4B.28-Dec-05","2005-10-29",1,FALSE,0.941176470588235,1,"FF066 BH",0.25
515,"BF284","BF214","BM030","1B","27-Mar-04","B0402","1B","1B",0,"16-Jan-06","1B","B0601","1B.16-Jan-06","2005-11-17",1,FALSE,0.941176470588235,1,"BF214 BM030",0.125
516,"BF291","BF202","BM030","1B","27-Mar-04","B0402","1B","1B",0,"16-Jan-06","1B","B0601","1B.16-Jan-06","2005-11-17",1,FALSE,0.941176470588235,1,"BF202 BM030",0
517,"BM287","BF215","BM139","1B","27-Mar-04","B0402","1B","1B",0,"16-Jan-06","1B","B0601","1B.16-Jan-06","2005-11-17",1,FALSE,0.941176470588235,1,"BF215 BM139",0.15625
519,"VF040","HF016","KM031","15","01-Jan-01","H0101","15","1H",1,"26-Apr-06","15","V0601","15.26-Apr-06","2006-02-25",1,FALSE,0.833333333333333,1,"HF016 KM031",0.03125
521,"FF126","FF066","BH","4B","26-May-03","F0301","4B","4B",0,"02-May-06","4B","F0602","4B.02-May-06","2006-03-03",1,FALSE,0.9375,1,"FF066 BH",0.25
522,"FM128","FF067","FM054","4B","26-May-03","F0301","4B","4B",0,"02-May-06","4B","F0602","4B.02-May-06","2006-03-03",1,FALSE,0.9375,1,"FF067 FM054",0.125
527,"HF114","HF039","BJ","1H","27-Apr-02","H0201","1H","1H",0,"17-May-06","1H","H0602","1H.17-May-06","2006-03-18",1,FALSE,0.875,1,"HF039 BJ",0.03125
528,"HF118","HF080","HM005","1H","24-Apr-04","H0402","1H","1H",0,"17-May-06","1H","H0602","1H.17-May-06","2006-03-18",1,FALSE,0.875,1,"HF080 HM005",0.125
532,"BF308","BF203","BM029","1N","27-Mar-04","B0402","1B","1B",0,"20-Jul-06","1B","B0604","1B.20-Jul-06","2006-05-21",1,FALSE,1,1,"BF203 BM029",0
533,"BF309","BF214","BM029","1N","27-Mar-04","B0402","1B","1B",0,"20-Jul-06","1B","B0604","1B.20-Jul-06","2006-05-21",1,FALSE,1,1,"BF214 BM029",0.125
534,"BM307","BF262","BM212","2","18-Mar-05","B0502","1B","1B",0,"20-Jul-06","1B","B0604","1B.20-Jul-06","2006-05-21",1,FALSE,1,1,"BF262 BM212",0
536,"BM311","BF215","BM030","1B","27-Mar-04","B0402","1B","1B",0,"20-Jul-06","1B","B0604","1B.20-Jul-06","2006-05-21",1,FALSE,1,1,"BF215 BM030",0.125
540,"BF315","BF215","BM139","1B","27-Mar-04","B0402","1B","1B",0,"31-Oct-06","1B","B0606","1B.31-Oct-06","2006-09-01",1,FALSE,1,1,"BF215 BM139",0.15625
543,"VF053","HF016","KM031","15","01-Jan-01","H0101","15","1H",1,"29-Nov-06","15","V0604","15.29-Nov-06","2006-09-30",1,FALSE,0.888888888888889,1,"HF016 KM031",0.03125
544,"HF124","HF039","BJ","1H","27-Apr-02","H0201","1H","1H",0,"30-Nov-06","1H","H0605","1H.30-Nov-06","2006-10-01",1,FALSE,0.888888888888889,1,"HF039 BJ",0.03125
546,"BM326","BF262","BM210","1B","18-Mar-05","B0502","1B","1B",0,"22-Mar-07","1B","B0703","1B.22-Mar-07","2007-01-21",1,FALSE,0.941176470588235,1,"BF262 BM210",0
547,"VF059","HF016","KM031","15","01-Jan-01","H0101","15","1H",1,"30-Apr-07","15","V0701","15.30-Apr-07","2007-03-01",1,FALSE,0.857142857142857,1,"HF016 KM031",0.03125
548,"VF062","VF010","KM051","15","04-Oct-03","V0304","15","12",1,"30-Apr-07","15","V0701","15.30-Apr-07","2007-03-01",1,FALSE,0.857142857142857,1,"VF010 KM051",0.015625
550,"FM142","FF066","BH","4B","26-May-03","F0301","4B","4B",0,"26-May-07","4B","F0701","4B.26-May-07","2007-03-27",1,FALSE,1,1,"FF066 BH",0.25
551,"BF338","BF214","BM030","1B","27-Mar-04","B0402","1B","1B",0,"16-Jun-07","1B","B0704","1B.16-Jun-07","2007-04-17",1,FALSE,0.9375,1,"BF214 BM030",0.125
552,"BF341","BF215","BM216","1N","27-Mar-04","B0402","1B","1B",0,"16-Jun-07","1B","B0704","1B.16-Jun-07","2007-04-17",1,FALSE,0.9375,1,"BF215 BM216",0.0625
554,"VF071","VF010","KM031","15","04-Oct-03","V0304","15","12",1,"05-Jul-07","15","V0702","15.05-Jul-07","2007-05-06",1,FALSE,0.857142857142857,1,"VF010 KM031",0.015625
555,"DF115","DF051","DM023","11","14-Oct-04","D0403","11","11",0,"04-Oct-07","11","D0702","11.04-Oct-07","2007-08-05",1,FALSE,0.888888888888889,1,"DF051 DM023",0.125
556,"DF117","DF051","DM027","11","14-Oct-04","D0403","11","11",0,"04-Oct-07","11","D0702","11.04-Oct-07","2007-08-05",1,FALSE,0.888888888888889,1,"DF051 DM027",0.125
557,"FF145","FF066","BH","4B","26-May-03","F0301","4B","4B",0,"21-Oct-07","4B","F0704","4B.21-Oct-07","2007-08-22",1,FALSE,1,1,"FF066 BH",0.25
558,"BF364","BF202","BM266","1B","27-Mar-04","B0402","1B","1B",0,"06-Nov-07","1B","B0707","1B.06-Nov-07","2007-09-07",1,FALSE,1,1,"BF202 BM266",0.25
559,"BF365","BF202","BM030","1B","27-Mar-04","B0402","1B","1B",0,"06-Nov-07","1B","B0707","1B.06-Nov-07","2007-09-07",1,FALSE,1,1,"BF202 BM030",0
562,"BM366","BF215","BM111","1B","27-Mar-04","B0402","1B","1B",0,"06-Nov-07","1B","B0707","1B.06-Nov-07","2007-09-07",1,FALSE,1,1,"BF215 BM111",0.03125
565,"FM147","FF127","FM073","4B","02-May-06","F0602","4B","4B",0,"09-Jan-08","4B","F0801","4B.09-Jan-08","2007-11-10",1,FALSE,1,1,"FF127 FM073",0.1875
566,"BF373","BF262","BM228","1B","18-Mar-05","B0502","1B","1B",0,"16-Jan-08","1B","B0801","1B.16-Jan-08","2007-11-17",1,FALSE,1,1,"BF262 BM228",0.5
568,"BF397","BF214","BM028","1B","27-Mar-04","B0402","1B","1B",0,"27-Mar-08","1B","B0802","1B.27-Mar-08","2008-01-27",1,FALSE,1,1,"BF214 BM028",0
569,"BM398","BF215","BM054","1B","27-Mar-04","B0402","1B","1B",0,"27-Mar-08","1B","B0802","1B.27-Mar-08","2008-01-27",1,FALSE,1,1,"BF215 BM054",0.125
570,"VF083","VF010","KM051","15","04-Oct-03","V0304","15","12",1,"14-Apr-08","15","V0801","15.14-Apr-08","2008-02-14",1,FALSE,0.875,1,"VF010 KM051",0.015625
571,"VM084","VF010","KM032","15","04-Oct-03","V0304","15","12",1,"14-Apr-08","15","V0801","15.14-Apr-08","2008-02-14",1,FALSE,0.875,0,"VF010 KM032",0.015625
572,"HM163","HF080","BJ","1H","24-Apr-04","H0402","1H","1H",0,"06-May-08","1H","H0802","1H.06-May-08","2008-03-07",1,FALSE,1,1,"HF080 BJ",0.25
573,"DM126","DF017","DM090","11C","17-Sep-02","D0203","11","11",0,"08-May-08","11","D0801","11.08-May-08","2008-03-09",1,FALSE,0.875,1,"DF017 DM090",0.125
574,"FF151","FF108","FM073","4B","10-May-05","F0501","4B","4B",0,"19-May-08","4B","F0802","4B.19-May-08","2008-03-20",1,FALSE,1,1,"FF108 FM073",0.1875
577,"VF086","HF016","KM048","1K","01-Jan-01","H0101","15","1H",1,"04-Jun-08","15","V0802","15.04-Jun-08","2008-04-05",1,FALSE,0.857142857142857,1,"HF016 KM048",0.03125
578,"VF088","HF016","KM032","15","01-Jan-01","H0101","15","1H",1,"04-Jun-08","15","V0802","15.04-Jun-08","2008-04-05",1,FALSE,0.857142857142857,0,"HF016 KM032",0.03125
581,"BF408","BF214","BM111","1B","27-Mar-04","B0402","1B","1B",0,"15-Sep-08","1B","B0805","1B.15-Sep-08","2008-07-17",1,FALSE,1,1,"BF214 BM111",0
582,"BF411","BF215","BM030","1B","27-Mar-04","B0402","1B","1B",0,"15-Sep-08","1B","B0805","1B.15-Sep-08","2008-07-17",1,FALSE,1,1,"BF215 BM030",0.125
585,"VM096","HF016","KM031","15","01-Jan-01","H0101","15","1H",1,"09-Oct-08","15","V0803","15.09-Oct-08","2008-08-10",1,FALSE,1,1,"HF016 KM031",0.03125
587,"FF154","FF127","FM073","4B","02-May-06","F0602","4B","4B",0,"15-Oct-08","4B","F0804","4B.15-Oct-08","2008-08-16",1,FALSE,1,1,"FF127 FM073",0.1875
588,"FM155","FF066","BH","4B","26-May-03","F0301","4B","4B",0,"15-Oct-08","4B","F0804","4B.15-Oct-08","2008-08-16",1,FALSE,1,1,"FF066 BH",0.25
592,"GF057","GF022","GM006","7A","14-Dec-04","G0404","7A","7A",0,"22-Jan-09","7A","G0901","7A.22-Jan-09","2008-11-23",1,FALSE,1,0,"GF022 GM006",0
594,"BM434","BF214","BM111","1B","27-Mar-04","B0402","1B","1B",0,"25-Mar-09","1B","B0902A","1B.25-Mar-09","2009-01-24",1,FALSE,1,1,"BF214 BM111",0
595,"BM436","BF215","BM028","1B","27-Mar-04","B0402","1B","1B",0,"25-Mar-09","1B","B0902A","1B.25-Mar-09","2009-01-24",1,FALSE,1,1,"BF215 BM028",0.125
598,"GF062","GF022","GM006","7A","14-Dec-04","G0404","7A","7A",0,"05-May-09","7A","G0902","7A.05-May-09","2009-03-06",1,FALSE,1,0,"GF022 GM006",0
599,"GM061","GF023","GM035","7A","14-Dec-04","G0404","7A","7A",0,"05-May-09","7A","G0902","7A.05-May-09","2009-03-06",1,FALSE,1,1,"GF023 GM035",0.25
604,"GF064","GF022","GM006","7A","14-Dec-04","G0404","7A","7A",0,"23-Jul-09","7A","G0903","7A.23-Jul-09","2009-05-24",1,FALSE,1,0,"GF022 GM006",0
607,"GM066","GF047","GM026","7A","22-Oct-07","G0704","7A","7A",0,"26-Oct-09","7A","G0904","7A.26-Oct-09","2009-08-27",1,FALSE,1,1,"GF047 GM026",0
608,"GM067","GF022","GM006","7A","14-Dec-04","G0404","7A","7A",0,"26-Oct-09","7A","G0904","7A.26-Oct-09","2009-08-27",1,FALSE,1,0,"GF022 GM006",0
609,"BF466","BF214","BM030","1B","27-Mar-04","B0402","1B","1B",0,"09-Nov-09","1B","B0905","1B.09-Nov-09","2009-09-10",1,FALSE,1,1,"BF214 BM030",0.125
612,"GM080","GF052","GM035","7A","22-Oct-07","G0704","7A","7A",0,"26-Apr-10","7A","G1002","7A.26-Apr-10","2010-02-25",1,FALSE,1,1,"GF052 GM035",0.25
616,"BF493","BF215","BM216","1N","27-Mar-04","B0402","1B","1B",0,"29-Sep-10","1B","B1005","1B.29-Sep-10","2010-07-31",1,FALSE,1,1,"BF215 BM216",0.0625
618,"GM089","GF023","GM035","7A","14-Dec-04","G0404","7A","7A",0,"28-Nov-10","7A","G1004","7A.28-Nov-10","2010-09-29",1,FALSE,1,1,"GF023 GM035",0.25
620,"GF093","GF023","GM035","7A","14-Dec-04","G0404","7A","7A",0,"06-Apr-11","7A","G1101","7A.06-Apr-11","2011-02-05",1,FALSE,1,1,"GF023 GM035",0.25
621,"DM188","DF055","DM054","11","14-Oct-04","D0403","11","11",0,"02-Aug-11","11","D1106","11.02-Aug-11","2011-06-03",1,FALSE,0.923076923076923,1,"DF055 DM054",0.125
625,"GF108","GF023","GM035","7A","14-Dec-04","G0404","7A","7A",0,"16-Jun-12","7A","G1201","7A.16-Jun-12","2012-04-17",1,FALSE,1,1,"GF023 GM035",0.25
627,"GP109","GF023","GM035","7A","14-Dec-04","G0404","7A","7A",0,"23-Aug-12","7A","G1202","7A.23-Aug-12","2012-06-24",1,FALSE,1,1,"GF023 GM035",0.25
629,"GM110","GF023","GM035","7A","14-Dec-04","G0404","7A","7A",0,"01-Dec-12","7A","G1203","7A.01-Dec-12","2012-10-02",1,FALSE,1,1,"GF023 GM035",0.25
630,"GF118","GF023","GM035","7A","14-Dec-04","G0404","7A","7A",0,"22-Apr-13","7A","G1301","7A.22-Apr-13","2013-02-21",1,FALSE,1,1,"GF023 GM035",0.25
635,"TM434","TF319","TM283","2","06-Jul-12","T1203","2","2",0,"12-May-15","2","T1502","2.12-May-15","2015-03-13",1,FALSE,0.875,1,"TF319 TM283",0
636,"DF222","DF169","DM168","11","12-May-10","D1002","11","11",0,"26-Jun-13","11","D1302","11.26-Jun-13","2013-04-27",1,FALSE,0.846153846153846,1,"DF169 DM168",0.25
637,"TP407","TF319","TM233","2","06-Jul-12","T1203","2","2",0,"16-Dec-14","2","T1406","2.16-Dec-14","2014-10-17",1,FALSE,0.846153846153846,1,"TF319 TM233",0.125
639,"VF033","HF021","KM041","15","01-Jan-01","H0101","1H","1H",0,"26-Apr-06","15","V0601","15.26-Apr-06","2006-02-25",1,FALSE,0.882352941176471,1,"HF021 KM041",0
640,"VF035","VF019","KM042","12","08-Jul-04","V0402","15","12",1,"26-Apr-06","15","V0601","15.26-Apr-06","2006-02-25",1,FALSE,0.833333333333333,1,"VF019 KM042",0.0078125
641,"VF037","VF010","KM041","15","04-Oct-03","V0304","15","12",1,"26-Apr-06","15","V0601","15.26-Apr-06","2006-02-25",1,FALSE,0.833333333333333,1,"VF010 KM041",0
642,"VM036","HF021","KM018","1K","01-Jan-01","H0101","1H","1H",0,"26-Apr-06","15","V0601","15.26-Apr-06","2006-02-25",1,FALSE,0.882352941176471,1,"HF021 KM018",0
645,"HF115","HF062","HM041","1H","29-Apr-03","H0302","1H","1H",0,"17-May-06","1H","H0602","1H.17-May-06","2006-03-18",1,FALSE,0.875,1,"HF062 HM041",0.1875
646,"VM047","HF021","KM041","15","01-Jan-01","H0101","1H","1H",0,"18-Sep-06","15","V0603","15.18-Sep-06","2006-07-20",1,FALSE,0.888888888888889,1,"HF021 KM041",0
648,"VF051","HF021","KM018","1K","01-Jan-01","H0101","1H","1H",0,"29-Nov-06","15","V0604","15.29-Nov-06","2006-09-30",1,FALSE,0.888888888888889,1,"HF021 KM018",0
649,"VF052","VF010","KM041","15","04-Oct-03","V0304","15","12",1,"29-Nov-06","15","V0604","15.29-Nov-06","2006-09-30",1,FALSE,0.888888888888889,1,"VF010 KM041",0
650,"VM049","HF016","KM018","1K","01-Jan-01","H0101","15","1H",1,"29-Nov-06","15","V0604","15.29-Nov-06","2006-09-30",1,FALSE,0.888888888888889,1,"HF016 KM018",0
651,"VM054","VF010","KM018","1K","04-Oct-03","V0304","15","12",1,"29-Nov-06","15","V0604","15.29-Nov-06","2006-09-30",1,FALSE,0.888888888888889,1,"VF010 KM018",0
654,"VF060","VF010","KM018","1K","04-Oct-03","V0304","15","12",1,"30-Apr-07","15","V0701","15.30-Apr-07","2007-03-01",1,FALSE,0.857142857142857,1,"VF010 KM018",0
655,"VF066","HF016","KM042","12","01-Jan-01","H0101","15","1H",1,"05-Jul-07","15","V0702","15.05-Jul-07","2007-05-06",1,FALSE,0.857142857142857,1,"HF016 KM042",0
657,"BF353","BF315","BM212","2","31-Oct-06","B0606","1B","1B",0,"06-Nov-07","1B","B0707","1B.06-Nov-07","2007-09-07",1,FALSE,1,1,"BF315 BM212",0.140625
658,"BF355","BF267","BM210","1B","13-Jun-05","B0503","1B","1B",0,"06-Nov-07","1B","B0707","1B.06-Nov-07","2007-09-07",1,FALSE,1,1,"BF267 BM210",0.0625
660,"BF363","BF309","BM228","1B","20-Jul-06","B0604","1B","1B",0,"06-Nov-07","1B","B0707","1B.06-Nov-07","2007-09-07",1,FALSE,1,1,"BF309 BM228",0.125
661,"VF074","VF010","KM018","1K","04-Oct-03","V0304","15","12",1,"24-Dec-07","15","V0704","15.24-Dec-07","2007-10-25",1,FALSE,0.857142857142857,1,"VF010 KM018",0
662,"VM077","VF010","KM042","12","04-Oct-03","V0304","15","12",1,"24-Dec-07","15","V0704","15.24-Dec-07","2007-10-25",1,FALSE,0.857142857142857,1,"VF010 KM042",0
666,"HF151","HF125","HM052","1H","30-Nov-06","H0605","1H","1H",0,"17-Jan-08","1H","H0801","1H.17-Jan-08","2007-11-18",1,FALSE,1,1,"HF125 HM052",0.34375
667,"HM150","HF120","HM098","1H","17-May-06","H0602","1H","1H",0,"17-Jan-08","1H","H0801","1H.17-Jan-08","2007-11-18",1,FALSE,1,1,"HF120 HM098",0.1328125
668,"BF395","BF309","BM216","1N","20-Jul-06","B0604","1B","1B",0,"27-Mar-08","1B","B0802","1B.27-Mar-08","2008-01-27",1,FALSE,1,1,"BF309 BM216",0.3125
669,"FM150","FF138","FM105","4B","27-Sep-06","F0604","4B","4B",0,"19-May-08","4B","F0802","4B.19-May-08","2008-03-20",1,FALSE,1,1,"FF138 FM105",0.125
670,"VF091","VF019","KM031","15","08-Jul-04","V0402","15","12",1,"04-Jun-08","15","V0802","15.04-Jun-08","2008-04-05",1,FALSE,0.857142857142857,1,"VF019 KM031",0.03125
672,"SF007","FF069","HM092","17","26-May-03","F0301","4B","4B",0,"15-Sep-08","17","S0804","17.15-Sep-08","2008-07-17",1,FALSE,1,1,"FF069 HM092",0
673,"SF008","FF067","HM092","17","26-May-03","F0301","4B","4B",0,"15-Sep-08","17","S0804","17.15-Sep-08","2008-07-17",1,FALSE,1,1,"FF067 HM092",0
675,"BF418","BF267","BM228","1B","13-Jun-05","B0503","1B","1B",0,"15-Sep-08","1B","B0805","1B.15-Sep-08","2008-07-17",1,FALSE,1,1,"BF267 BM228",0.125
677,"BM413","BF341","BM312","1B","16-Jun-07","B0704","1B","1B",0,"15-Sep-08","1B","B0805","1B.15-Sep-08","2008-07-17",1,FALSE,1,1,"BF341 BM312",0.078125
683,"FM156","FF138","FM105","4B","27-Sep-06","F0604","4B","4B",0,"15-Oct-08","4B","F0804","4B.15-Oct-08","2008-08-16",1,FALSE,1,1,"FF138 FM105",0.125
688,"BF433","BF267","BM210","1B","13-Jun-05","B0503","1B","1B",0,"25-Mar-09","1B","B0902A","1B.25-Mar-09","2009-01-24",1,FALSE,1,1,"BF267 BM210",0.0625
689,"BM441","BF338","BM212","2","16-Jun-07","B0704","1B","1B",0,"25-Mar-09","1B","B0902A","1B.25-Mar-09","2009-01-24",1,FALSE,1,1,"BF338 BM212",0
692,"BF452","BF365","BM054","1B","06-Nov-07","B0707","1B","1B",0,"20-Jun-09","1B","B0903","1B.20-Jun-09","2009-04-21",1,FALSE,1,1,"BF365 BM054",0.125
694,"FF158","FF138","FM102","4B","27-Sep-06","F0604","4B","4B",0,"24-Jun-09","4B","F0903","4B.24-Jun-09","2009-04-25",1,FALSE,1,1,"FF138 FM102",0.125
695,"VF105","VF019","KM031","15","08-Jul-04","V0402","15","12",1,"28-Jul-09","15","V0904","15.28-Jul-09","2009-05-29",1,FALSE,1,1,"VF019 KM031",0.03125
698,"FF164","FF145","FM073","4B","21-Oct-07","F0704","4B","4B",0,"03-Nov-09","4B","F0905","4B.03-Nov-09","2009-09-04",1,FALSE,1,1,"FF145 FM073",0.1875
699,"BF470","BF411","BM212","2","15-Sep-08","B0805","1B","1B",0,"09-Nov-09","1B","B0905","1B.09-Nov-09","2009-09-10",1,FALSE,1,1,"BF411 BM212",0.015625
700,"BF471","BF267","BM210","1B","13-Jun-05","B0503","1B","1B",0,"09-Nov-09","1B","B0905","1B.09-Nov-09","2009-09-10",1,FALSE,1,1,"BF267 BM210",0.0625
701,"VF111","VF019","KM048","1K","08-Jul-04","V0402","15","12",1,"14-Dec-09","15","V0906","15.14-Dec-09","2009-10-15",1,FALSE,1,1,"VF019 KM048",0.03125
702,"FF165","FF133","FM073","4B","27-Sep-06","F0604","4B","4B",0,"10-Jan-10","4B","F1001","4B.10-Jan-10","2009-11-11",1,FALSE,1,1,"FF133 FM073",0.1875
703,"HF198","HF120","HM098","1H","17-May-06","H0602","1H","1H",0,"15-Jan-10","1H","H1001","1H.15-Jan-10","2009-11-16",1,FALSE,1,1,"HF120 HM098",0.1328125
704,"BF474","BF411","BM312","1B","15-Sep-08","B0805","1B","1B",0,"22-Jan-10","1B","B1001","1B.22-Jan-10","2009-11-23",1,FALSE,1,1,"BF411 BM312",0.09375
707,"VF116","VF019","KM048","1K","08-Jul-04","V0402","15","12",1,"27-Mar-10","15","V1001","15.27-Mar-10","2010-01-26",1,FALSE,1,1,"VF019 KM048",0.03125
709,"BM482","BF267","BM210","1B","13-Jun-05","B0503","1B","1B",0,"07-May-10","1B","B1003","1B.07-May-10","2010-03-08",1,FALSE,1,1,"BF267 BM210",0.0625
710,"DM171","DF006","DM143","11","01-Dec-00","D0004","11","11",0,"12-May-10","11","D1002","11.12-May-10","2010-03-13",1,FALSE,0.833333333333333,1,"DF006 DM143",0.375
711,"VF118","VF019","KM051","15","08-Jul-04","V0402","15","12",1,"16-Jun-10","15","V1003","15.16-Jun-10","2010-04-17",1,FALSE,1,1,"VF019 KM051",0.03125
712,"VM119","VF019","KM048","1K","08-Jul-04","V0402","15","12",1,"16-Jun-10","15","V1003","15.16-Jun-10","2010-04-17",1,FALSE,1,1,"VF019 KM048",0.03125
713,"FF174","FF145","FM073","4B","21-Oct-07","F0704","4B","4B",0,"21-Jun-10","4B","F1003","4B.21-Jun-10","2010-04-22",1,FALSE,1,1,"FF145 FM073",0.1875
716,"BF501","BF411","BM210","1B","15-Sep-08","B0805","1B","1B",0,"09-Dec-10","1B","B1006","1B.09-Dec-10","2010-10-10",1,FALSE,1,1,"BF411 BM210",0
723,"BF522","BF454","BM419","1B","20-Jun-09","B0903","1B","1B",0,"13-May-11","1B","B1102","1B.13-May-11","2011-03-14",1,FALSE,1,1,"BF454 BM419",0.171875
724,"BF526","BF483","BM445","1B","07-May-10","B1003","1B","1B",0,"13-May-11","1B","B1102","1B.13-May-11","2011-03-14",1,FALSE,1,1,"BF483 BM445",0.25390625
725,"BF534","BF411","BM310","1B","15-Sep-08","B0805","1B","1B",0,"02-Jul-11","1B","B1103","1B.02-Jul-11","2011-05-03",1,FALSE,1,1,"BF411 BM310",0.09375
727,"GF103","GF074","GM035","7A","07-Jan-10","G1001","7A","7A",0,"22-Oct-11","7A","G1103","7A.22-Oct-11","2011-08-23",1,FALSE,1,1,"GF074 GM035",0.0625
728,"GF104","GF075","GM051","7A","07-Jan-10","G1001","7A","7A",0,"22-Oct-11","7A","G1103","7A.22-Oct-11","2011-08-23",1,FALSE,1,1,"GF075 GM051",0
734,"DF207","DF169","DM143","11","12-May-10","D1002","11","11",0,"16-May-12","11","D1202","11.16-May-12","2012-03-17",1,FALSE,0.933333333333333,1,"DF169 DM143",0.28125
739,"BF592","BF487","BM438","1B","07-May-10","B1003","1B","1B",0,"17-Sep-12","1B","B1204","1B.17-Sep-12","2012-07-19",1,FALSE,1,1,"BF487 BM438",0.0234375
743,"BF625","BF487","BM410","1B","07-May-10","B1003","1B","1B",0,"03-Jul-13","1B","B1304","1B.03-Jul-13","2013-05-04",1,FALSE,1,1,"BF487 BM410",0.0234375
745,"BP633","BF487","BM436","1B","07-May-10","B1003","1B","1B",0,"18-Sep-13","1B","B1305","1B.18-Sep-13","2013-07-20",1,FALSE,1,1,"BF487 BM436",0.28125
746,"DF227","DF139","DM126","11","11-Oct-08","D0803","11","11",0,"04-Oct-13","11","D1303","11.04-Oct-13","2013-08-05",1,FALSE,0.941176470588235,1,"DF139 DM126",0.5625
747,"DF229","DF169","DM126","11","12-May-10","D1002","11","11",0,"04-Oct-13","11","D1303","11.04-Oct-13","2013-08-05",1,FALSE,0.941176470588235,1,"DF169 DM126",0.28125
748,"BF639","BF487","BM436","1B","07-May-10","B1003","1B","1B",0,"10-Oct-13","1B","B1306","1B.10-Oct-13","2013-08-11",1,FALSE,1,1,"BF487 BM436",0.28125
749,"GF131","GF093","GM060","7A","06-Apr-11","G1101","7A","7A",0,"26-Nov-13","7A","G1304","7A.26-Nov-13","2013-09-27",1,FALSE,0.916666666666667,1,"GF093 GM060",0.0625
750,"DM236","DF139","DM126","11","11-Oct-08","D0803","11","11",0,"12-Dec-13","11","D1304","11.12-Dec-13","2013-10-13",1,FALSE,0.947368421052632,1,"DF139 DM126",0.5625
751,"GM136","GF093","GM080","7A","06-Apr-11","G1101","7A","7A",0,"24-Sep-14","7A","G1406","7A.24-Sep-14","2014-07-26",1,FALSE,0.909090909090909,1,"GF093 GM080",0.375
752,"GM144","GF093","GM060","7A","06-Apr-11","G1101","7A","7A",0,"19-May-15","7A","G1502","7A.19-May-15","2015-03-20",1,FALSE,1,1,"GF093 GM060",0.0625
756,"VF080","VF035","KM032","15","26-Apr-06","V0601","15","15",0,"25-Mar-08","15","V0801","15.25-Mar-08","2008-01-25",1,FALSE,0.875,0,"VF035 KM032",0.0234375
757,"BF426","BF361","BM228","1B","06-Nov-07","B0707","1B","1B",0,"23-Nov-08","1B","B0806","1B.23-Nov-08","2008-09-24",1,FALSE,1,1,"BF361 BM228",0.0625
760,"VM106","VF092","VM050","15","04-Jun-08","V0802","15","15",0,"28-Jul-09","15","V0904","15.28-Jul-09","2009-05-29",1,FALSE,1,1,"VF092 VM050",0.0546875
761,"VM107","VF035","KM051","15","26-Apr-06","V0601","15","15",0,"28-Jul-09","15","V0904","15.28-Jul-09","2009-05-29",1,FALSE,1,1,"VF035 KM051",0.0546875
762,"BF469","BF361","BM285","1O","06-Nov-07","B0707","1B","1B",0,"09-Nov-09","1B","B0905","1B.09-Nov-09","2009-09-10",1,FALSE,1,1,"BF361 BM285",0.09375
763,"HM195","HF178","HM163","1H","14-Oct-08","H0804","1H","1H",0,"18-Dec-09","1H","H0905","1H.18-Dec-09","2009-10-19",1,FALSE,1,1,"HF178 HM163",0.0390625
764,"HM196","HF164","HM117","1H","06-May-08","H0802","1H","1H",0,"18-Dec-09","1H","H0905","1H.18-Dec-09","2009-10-19",1,FALSE,1,1,"HF164 HM117",0
765,"BF473","BF411","BM352","1B","15-Sep-08","B0805","1B","1B",0,"22-Jan-10","1B","B1001","1B.22-Jan-10","2009-11-23",1,FALSE,1,1,"BF411 BM352",0.2265625
768,"GF077","GF022","GM049","7A","14-Dec-04","G0404","7A","7A",0,"26-Apr-10","7A","G1002","7A.26-Apr-10","2010-02-25",1,FALSE,1,1,"GF022 GM049",0.078125
771,"HM214","HF164","HM117","1H","06-May-08","H0802","1H","1H",0,"29-Jun-10","1H","H1003","1H.29-Jun-10","2010-04-30",1,FALSE,1,1,"HF164 HM117",0
772,"BM495","BF411","BM420","1B","15-Sep-08","B0805","1B","1B",0,"29-Sep-10","1B","B1005","1B.29-Sep-10","2010-07-31",1,FALSE,1,1,"BF411 BM420",0.2109375
774,"HF220","HF178","HM166","1H","14-Oct-08","H0804","1H","1H",0,"10-Nov-10","1H","H1004","1H.10-Nov-10","2010-09-11",1,FALSE,1,1,"HF178 HM166",0.078125
775,"HM218","HF164","HM117","1H","06-May-08","H0802","1H","1H",0,"10-Nov-10","1H","H1004","1H.10-Nov-10","2010-09-11",1,FALSE,1,1,"HF164 HM117",0
776,"GF084","GF022","GM049","7A","14-Dec-04","G0404","7A","7A",0,"28-Nov-10","7A","G1004","7A.28-Nov-10","2010-09-29",1,FALSE,1,1,"GF022 GM049",0.078125
777,"BF499","BF439","BM410","1B","25-Mar-09","B0902A","1B","1B",0,"09-Dec-10","1B","B1006","1B.09-Dec-10","2010-10-10",1,FALSE,1,1,"BF439 BM410",0.23046875
778,"BM500","BF454","BM416","1B","20-Jun-09","B0903","1B","1B",0,"09-Dec-10","1B","B1006","1B.09-Dec-10","2010-10-10",1,FALSE,1,1,"BF454 BM416",0.015625
779,"VF124","VF033","KM051","15","26-Apr-06","V0601","15","15",0,"08-Feb-11","15","V1101","15.08-Feb-11","2010-12-10",1,FALSE,1,1,"VF033 KM051",0.15625
780,"GF092","GF022","GM049","7A","14-Dec-04","G0404","7A","7A",0,"06-Apr-11","7A","G1101","7A.06-Apr-11","2011-02-05",1,FALSE,1,1,"GF022 GM049",0.078125
781,"HF227","HF178","HM117","1H","14-Oct-08","H0804","1H","1H",0,"05-May-11","1H","H1101","1H.05-May-11","2011-03-06",1,FALSE,1,1,"HF178 HM117",0.017578125
783,"HM228","HF178","HM166","1H","14-Oct-08","H0804","1H","1H",0,"05-May-11","1H","H1101","1H.05-May-11","2011-03-06",1,FALSE,1,1,"HF178 HM166",0.078125
784,"HM230","HF164","HM117","1H","06-May-08","H0802","1H","1H",0,"05-May-11","1H","H1101","1H.05-May-11","2011-03-06",1,FALSE,1,1,"HF164 HM117",0
785,"VM126","VF033","KM051","15","26-Apr-06","V0601","15","15",0,"09-May-11","15","V1102","15.09-May-11","2011-03-10",1,FALSE,1,1,"VF033 KM051",0.15625
788,"BF523","BF484","BM420","1B","07-May-10","B1003","1B","1B",0,"13-May-11","1B","B1102","1B.13-May-11","2011-03-14",1,FALSE,1,1,"BF484 BM420",0.10546875
789,"GF096","GF022","GM049","7A","14-Dec-04","G0404","7A","7A",0,"12-Jul-11","7A","G1102","7A.12-Jul-11","2011-05-13",1,FALSE,1,1,"GF022 GM049",0.078125
790,"VF128","VF033","KM051","15","26-Apr-06","V0601","15","15",0,"22-Aug-11","15","V1104","15.22-Aug-11","2011-06-23",1,FALSE,1,1,"VF033 KM051",0.15625
792,"BF546","BF439","BM486","1B","25-Mar-09","B0902A","1B","1B",0,"11-Oct-11","1B","B1104","1B.11-Oct-11","2011-08-12",1,FALSE,1,1,"BF439 BM486",0.04296875
793,"BM542","BF484","BM410","1B","07-May-10","B1003","1B","1B",0,"11-Oct-11","1B","B1104","1B.11-Oct-11","2011-08-12",1,FALSE,1,1,"BF484 BM410",0.02734375
794,"BM544","BF483","BM420","1B","07-May-10","B1003","1B","1B",0,"11-Oct-11","1B","B1104","1B.11-Oct-11","2011-08-12",1,FALSE,1,1,"BF483 BM420",0.0859375
796,"DM195","DF178","DM168","11","23-Jul-10","D1003","11","11",0,"22-Oct-11","11","D1107","11.22-Oct-11","2011-08-23",1,FALSE,0.933333333333333,1,"DF178 DM168",0.25
797,"GM098","GF022","GM049","7A","14-Dec-04","G0404","7A","7A",0,"22-Oct-11","7A","G1103","7A.22-Oct-11","2011-08-23",1,FALSE,1,1,"GF022 GM049",0.078125
798,"HF236","HF178","HM166","1H","14-Oct-08","H0804","1H","1H",0,"11-Jan-12","1H","H1201","1H.11-Jan-12","2011-11-12",1,FALSE,1,1,"HF178 HM166",0.078125
800,"BF554","BF439","BM410","1B","25-Mar-09","B0902A","1B","1B",0,"12-Feb-12","1B","B1201","1B.12-Feb-12","2011-12-14",1,FALSE,1,1,"BF439 BM410",0.23046875
803,"BF561","BF439","BM410","1B","25-Mar-09","B0902A","1B","1B",0,"20-Apr-12","1B","B1202","1B.20-Apr-12","2012-02-20",1,FALSE,1,1,"BF439 BM410",0.23046875
811,"HF244","HF164","HM117","1H","06-May-08","H0802","1H","1H",0,"23-Apr-12","1H","H1202","1H.23-Apr-12","2012-02-23",1,FALSE,1,1,"HF164 HM117",0
812,"HM241","HF182","HM180","1H","12-Mar-09","H0901","1H","1H",0,"23-Apr-12","1H","H1202","1H.23-Apr-12","2012-02-23",1,FALSE,1,1,"HF182 HM180",0.462890625
813,"HM243","HF178","HM166","1H","14-Oct-08","H0804","1H","1H",0,"23-Apr-12","1H","H1202","1H.23-Apr-12","2012-02-23",1,FALSE,1,1,"HF178 HM166",0.078125
814,"HM246","HF125","HM117","1H","30-Nov-06","H0605","1H","1H",0,"23-Apr-12","1H","H1202","1H.23-Apr-12","2012-02-23",1,FALSE,1,1,"HF125 HM117",0.23828125
816,"DM202","DF166","DM165","11","14-Oct-09","D0904","11","11",0,"16-May-12","11","D1202","11.16-May-12","2012-03-17",1,FALSE,0.933333333333333,1,"DF166 DM165",0.5
817,"DM204","DF166","DM143","11","14-Oct-09","D0904","11","11",0,"16-May-12","11","D1202","11.16-May-12","2012-03-17",1,FALSE,0.933333333333333,1,"DF166 DM143",0.296875
818,"BF586","BF439","BM486","1B","25-Mar-09","B0902A","1B","1B",0,"27-Jun-12","1B","B1203","1B.27-Jun-12","2012-04-28",1,FALSE,1,1,"BF439 BM486",0.04296875
819,"BF588","BF484","BM410","1B","07-May-10","B1003","1B","1B",0,"27-Jun-12","1B","B1203","1B.27-Jun-12","2012-04-28",1,FALSE,1,1,"BF484 BM410",0.02734375
824,"DM212","DF169","DM165","11","12-May-10","D1002","11","11",0,"06-Oct-12","11","D1204","11.06-Oct-12","2012-08-07",1,FALSE,0.866666666666667,1,"DF169 DM165",0.2578125
826,"SF035","SF025","SM013","17",NA,NA,"17",NA,NA,"05-Nov-12","17","S1205","17.05-Nov-12","2012-09-06",1,FALSE,1,1,"SF025 SM013",0
828,"GF113","GF093","GM049","7A","06-Apr-11","G1101","7A","7A",0,"01-Dec-12","7A","G1203","7A.01-Dec-12","2012-10-02",1,FALSE,1,1,"GF093 GM049",0.328125
831,"BF610","BF535","BM436","1B","02-Jul-11","B1103","1B","1B",0,"29-Apr-13","1B","B1303","1B.29-Apr-13","2013-02-28",1,FALSE,1,1,"BF535 BM436",0.234375
832,"BM607","BF566","BM455","1B","20-Apr-12","B1202","1B","1B",0,"29-Apr-13","1B","B1303","1B.29-Apr-13","2013-02-28",1,FALSE,1,1,"BF566 BM455",0.015625
833,"HF261","HF125","HM117","1H","30-Nov-06","H0605","1H","1H",0,"06-Jun-13","1H","H1303","1H.06-Jun-13","2013-04-07",1,FALSE,1,1,"HF125 HM117",0.23828125
834,"HF262","HF178","HM117","1H","14-Oct-08","H0804","1H","1H",0,"06-Jun-13","1H","H1303","1H.06-Jun-13","2013-04-07",1,FALSE,1,1,"HF178 HM117",0.017578125
835,"BF619","BF484","BM438","1B","07-May-10","B1003","1B","1B",0,"03-Jul-13","1B","B1304","1B.03-Jul-13","2013-05-04",1,FALSE,1,1,"BF484 BM438",0.02734375
836,"BF621","BF484","BM410","1B","07-May-10","B1003","1B","1B",0,"03-Jul-13","1B","B1304","1B.03-Jul-13","2013-05-04",1,FALSE,1,1,"BF484 BM410",0.02734375
837,"BM623","BF566","BM216","1N","20-Apr-12","B1202","1B","1B",0,"03-Jul-13","1B","B1304","1B.03-Jul-13","2013-05-04",1,FALSE,1,1,"BF566 BM216",0.015625
838,"BP628","BF566","BM410","1B","20-Apr-12","B1202","1B","1B",0,"18-Sep-13","1B","B1305","1B.18-Sep-13","2013-07-20",1,FALSE,1,1,"BF566 BM410",0.01171875
843,"BF673","BF484","BM438","1B","07-May-10","B1003","1B","1B",0,"29-Sep-14","1B","B1405","1B.29-Sep-14","2014-07-31",1,FALSE,1,1,"BF484 BM438",0.02734375
844,"BF691","BF535","BM436","1B","02-Jul-11","B1103","1B","1B",0,"11-May-15","1B","B1502","1B.11-May-15","2015-03-12",1,FALSE,1,1,"BF535 BM436",0.234375
845,"BF696","BF484","BM436","1B","07-May-10","B1003","1B","1B",0,"11-May-15","1B","B1502","1B.11-May-15","2015-03-12",1,FALSE,1,1,"BF484 BM436",0.15625
847,"DM243","DF190","DM165","11","22-Oct-11","D1107","11","11",0,"07-Oct-14","11","D1404","11.07-Oct-14","2014-08-08",1,FALSE,0.947368421052632,1,"DF190 DM165",0.25
848,"DM244","DF201","DM170","11","16-May-12","D1202","11","11",0,"07-Oct-14","11","D1404","11.07-Oct-14","2014-08-08",1,FALSE,0.947368421052632,1,"DF201 DM170",0.15625
849,"HF303","HF248","HM180","1H","27-Jun-12","H1203","1H","1H",0,"20-Apr-15","1H","H1501","1H.20-Apr-15","2015-02-19",1,FALSE,1,1,"HF248 HM180",0.107421875
855,"TF435","TF297","TM233","2","21-Apr-12","T1202","2","2",0,"12-May-15","2","T1502","2.12-May-15","2015-03-13",1,FALSE,0.875,1,"TF297 TM233",0.125
856,"BF680","BF484","BM436","1B","07-May-10","B1003","1B","1B",0,"21-Feb-15","1B","B1501","1B.21-Feb-15","2014-12-23",1,FALSE,1,1,"BF484 BM436",0.15625
857,"BM692","BF484","BM438","1B","07-May-10","B1003","1B","1B",0,"11-May-15","1B","B1502","1B.11-May-15","2015-03-12",1,FALSE,1,1,"BF484 BM438",0.02734375
858,"BM704","BF535","BM455","1B","02-Jul-11","B1103","1B","1B",0,"22-Jul-15","1B","B1503","1B.22-Jul-15","2015-05-23",1,FALSE,1,1,"BF535 BM455",0.15625
862,"HF286","HF178","HM117","1H","14-Oct-08","H0804","1H","1H",0,"18-Jun-14","1H","H1402","1H.18-Jun-14","2014-04-19",1,FALSE,1,1,"HF178 HM117",0.017578125
864,"HF305","HF178","HM117","1H","14-Oct-08","H0804","1H","1H",0,"20-Apr-15","1H","H1501","1H.20-Apr-15","2015-02-19",1,FALSE,1,1,"HF178 HM117",0.017578125
865,"TM427","TF297","TM233","2","21-Apr-12","T1202","2","2",0,"03-Mar-15","2","T1501","2.03-Mar-15","2015-01-02",1,FALSE,0.888888888888889,1,"TF297 TM233",0.125
866,"BF475","BF426","BM416","1B","23-Nov-08","B0806","1B","1B",0,"22-Jan-10","1B","B1001","1B.22-Jan-10","2009-11-23",1,FALSE,1,1,"BF426 BM416",0.064453125
867,"BP488","BF426","BM216","1N","23-Nov-08","B0806","1B","1B",0,"17-Jul-10","1B","B1004","1B.17-Jul-10","2010-05-18",1,FALSE,1,1,"BF426 BM216",0.0703125
868,"BF494","BF426","BM111","1B","23-Nov-08","B0806","1B","1B",0,"29-Sep-10","1B","B1005","1B.29-Sep-10","2010-07-31",1,FALSE,1,1,"BF426 BM111",0.00390625
870,"BM520","BF473","BM111","1B","22-Jan-10","B1001","1B","1B",0,"27-Feb-11","1B","B1101","1B.27-Feb-11","2010-12-29",1,FALSE,1,1,"BF473 BM111",0.0078125
871,"BF521","BF473","BM111","1B","22-Jan-10","B1001","1B","1B",0,"13-May-11","1B","B1102","1B.13-May-11","2011-03-14",1,FALSE,1,1,"BF473 BM111",0.0078125
872,"BM543","BF426","BM216","1N","23-Nov-08","B0806","1B","1B",0,"11-Oct-11","1B","B1104","1B.11-Oct-11","2011-08-12",1,FALSE,1,1,"BF426 BM216",0.0703125
873,"HM238","HF125","HM195","1H","30-Nov-06","H0605","1H","1H",0,"11-Jan-12","1H","H1201","1H.11-Jan-12","2011-11-12",1,FALSE,1,1,"HF125 HM195",0.228515625
874,"BF560","BF473","BM436","1B","22-Jan-10","B1001","1B","1B",0,"20-Apr-12","1B","B1202","1B.20-Apr-12","2012-02-20",1,FALSE,1,1,"BF473 BM436",0.19921875
876,"HF240","HF219","HM195","1H","10-Nov-10","H1004","1H","1H",0,"23-Apr-12","1H","H1202","1H.23-Apr-12","2012-02-23",1,FALSE,1,1,"HF219 HM195",0.17724609375
877,"BF581","BF523","BM438","1B","13-May-11","B1102","1B","1B",0,"27-Jun-12","1B","B1203","1B.27-Jun-12","2012-04-28",1,FALSE,1,1,"BF523 BM438",0.08203125
879,"BF585","BF535","BM500","1B","02-Jul-11","B1103","1B","1B",0,"27-Jun-12","1B","B1203","1B.27-Jun-12","2012-04-28",1,FALSE,1,1,"BF535 BM500",0.13671875
882,"BF593","BF439","BM500","1B","25-Mar-09","B0902A","1B","1B",0,"17-Sep-12","1B","B1204","1B.17-Sep-12","2012-07-19",1,FALSE,1,1,"BF439 BM500",0.0927734375
883,"BM591","BF473","BM436","1B","22-Jan-10","B1001","1B","1B",0,"17-Sep-12","1B","B1204","1B.17-Sep-12","2012-07-19",1,FALSE,1,1,"BF473 BM436",0.19921875
884,"GM111","GF092","GM060","7A","06-Apr-11","G1101","7A","7A",0,"01-Dec-12","7A","G1203","7A.01-Dec-12","2012-10-02",1,FALSE,1,1,"GF092 GM060",0.26953125
886,"GM119","GF096","GM061","7A","12-Jul-11","G1102","7A","7A",0,"22-Apr-13","7A","G1301","7A.22-Apr-13","2013-02-21",1,FALSE,1,1,"GF096 GM061",0.2265625
887,"BF608","BF569","BM436","1B","20-Apr-12","B1202","1B","1B",0,"29-Apr-13","1B","B1303","1B.29-Apr-13","2013-02-28",1,FALSE,1,1,"BF569 BM436",0.078125
888,"BF616","BF473","BM436","1B","22-Jan-10","B1001","1B","1B",0,"03-Jul-13","1B","B1304","1B.03-Jul-13","2013-05-04",1,FALSE,1,1,"BF473 BM436",0.19921875
889,"BF617","BF561","BM500","1B","20-Apr-12","B1202","1B","1B",0,"03-Jul-13","1B","B1304","1B.03-Jul-13","2013-05-04",1,FALSE,1,1,"BF561 BM500",0.11279296875
890,"BF624","BF473","BM438","1B","22-Jan-10","B1001","1B","1B",0,"03-Jul-13","1B","B1304","1B.03-Jul-13","2013-05-04",1,FALSE,1,1,"BF473 BM438",0.09765625
891,"BM615","BF566","BM500","1B","20-Apr-12","B1202","1B","1B",0,"03-Jul-13","1B","B1304","1B.03-Jul-13","2013-05-04",1,FALSE,1,1,"BF566 BM500",0.1044921875
893,"GF126","GF092","GM065","7A","06-Apr-11","G1101","7A","7A",0,"09-Sep-13","7A","G1303","7A.09-Sep-13","2013-07-11",1,FALSE,0.928571428571429,1,"GF092 GM065",0.26953125
894,"BP631","BF566","BM500","1B","20-Apr-12","B1202","1B","1B",0,"18-Sep-13","1B","B1305","1B.18-Sep-13","2013-07-20",1,FALSE,1,1,"BF566 BM500",0.1044921875
897,"BF640","BF473","BM438","1B","22-Jan-10","B1001","1B","1B",0,"10-Oct-13","1B","B1306","1B.10-Oct-13","2013-08-11",1,FALSE,1,1,"BF473 BM438",0.09765625
898,"GM128","GF096","GM049","7A","12-Jul-11","G1102","7A","7A",0,"26-Nov-13","7A","G1304","7A.26-Nov-13","2013-09-27",1,FALSE,0.916666666666667,1,"GF096 GM049",0.546875
902,"BF671","BF561","BM500","1B","20-Apr-12","B1202","1B","1B",0,"29-Sep-14","1B","B1405","1B.29-Sep-14","2014-07-31",1,FALSE,1,1,"BF561 BM500",0.11279296875
903,"BF674","BF589","BM500","1B","27-Jun-12","B1203","1B","1B",0,"29-Sep-14","1B","B1405","1B.29-Sep-14","2014-07-31",1,FALSE,1,1,"BF589 BM500",0.1357421875
905,"BM654","BF473","BM564","1B","22-Jan-10","B1001","1B","1B",0,"25-Jul-14","1B","B1404","1B.25-Jul-14","2014-05-26",1,FALSE,1,1,"BF473 BM564",0.091796875
906,"BM697","BF589","BM455","1B","27-Jun-12","B1203","1B","1B",0,"11-May-15","1B","B1502","1B.11-May-15","2015-03-12",1,FALSE,1,1,"BF589 BM455",0.015625
907,"GF135","GF092","GM065","7A","06-Apr-11","G1101","7A","7A",0,"24-Sep-14","7A","G1406","7A.24-Sep-14","2014-07-26",1,FALSE,0.909090909090909,1,"GF092 GM065",0.26953125
909,"GF139","GF096","GM049","7A","12-Jul-11","G1102","7A","7A",0,"24-Sep-14","7A","G1406","7A.24-Sep-14","2014-07-26",1,FALSE,0.909090909090909,1,"GF096 GM049",0.546875
912,"GM140","GF092","GM060","7A","06-Apr-11","G1101","7A","7A",0,"24-Sep-14","7A","G1406","7A.24-Sep-14","2014-07-26",1,FALSE,0.909090909090909,1,"GF092 GM060",0.26953125
914,"HF294","HF178","HM217","1H","14-Oct-08","H0804","1H","1H",0,"15-Oct-14","1H","H1404","1H.15-Oct-14","2014-08-16",1,FALSE,1,1,"HF178 HM217",0.0771484375
919,"TF440","TF299","TM286","2","21-Apr-12","T1202","2","2",0,"12-May-15","2","T1502","2.12-May-15","2015-03-13",1,FALSE,0.875,0,"TF299 TM286",0.0078125
923,"TM430","TF285","TM283","2","24-Jun-10","T1003","2","2",0,"12-May-15","2","T1502","2.12-May-15","2015-03-13",1,FALSE,0.875,1,"TF285 TM283",0.34375
924,"TM431","TF322","TM286","2","06-Jul-12","T1203","2","2",0,"12-May-15","2","T1502","2.12-May-15","2015-03-13",1,FALSE,0.875,0,"TF322 TM286",0.03125
925,"TM436","TF298","TM286","2","21-Apr-12","T1202","2","2",0,"12-May-15","2","T1502","2.12-May-15","2015-03-13",1,FALSE,0.875,0,"TF298 TM286",0.0078125
928,"BF708","BF561","BM558","1B","20-Apr-12","B1202","1B","1B",0,"30-Sep-15","1B","B1504","1B.30-Sep-15","2015-08-01",1,FALSE,0.833333333333333,1,"BF561 BM558",0.3154296875
930,"BM705","BF589","BM500","1B","27-Jun-12","B1203","1B","1B",0,"22-Jul-15","1B","B1503","1B.22-Jul-15","2015-05-23",1,FALSE,1,1,"BF589 BM500",0.1357421875
931,"BM706","BF561","BM500","1B","20-Apr-12","B1202","1B","1B",0,"30-Sep-15","1B","B1504","1B.30-Sep-15","2015-08-01",1,FALSE,0.833333333333333,1,"BF561 BM500",0.11279296875
942,"HF260","HF240","HM222","1H","23-Apr-12","H1202","1H","1H",0,"06-Jun-13","1H","H1303","1H.06-Jun-13","2013-04-07",1,FALSE,1,1,"HF240 HM222",0.404052734375
943,"BP629","BF593","BM564","1B","17-Sep-12","B1204","1B","1B",0,"18-Sep-13","1B","B1305","1B.18-Sep-13","2013-07-20",1,FALSE,1,1,"BF593 BM564",0.05810546875
944,"BP630","BF593","BM580","1B","17-Sep-12","B1204","1B","1B",0,"18-Sep-13","1B","B1305","1B.18-Sep-13","2013-07-20",1,FALSE,1,1,"BF593 BM580",0.057373046875
945,"BM662","BF593","BM564","1B","17-Sep-12","B1204","1B","1B",0,"29-Sep-14","1B","B1405","1B.29-Sep-14","2014-07-31",1,FALSE,1,1,"BF593 BM564",0.05810546875
947,"BM666","BF627","BM564","1B","03-Jul-13","B1304","1B","1B",0,"29-Sep-14","1B","B1405","1B.29-Sep-14","2014-07-31",1,FALSE,1,1,"BF627 BM564",0.0517578125
948,"BM670","BF627","BM500","1B","03-Jul-13","B1304","1B","1B",0,"29-Sep-14","1B","B1405","1B.29-Sep-14","2014-07-31",1,FALSE,1,1,"BF627 BM500",0.10595703125
950,"BM683","BF593","BM564","1B","17-Sep-12","B1204","1B","1B",0,"14-Mar-15","1B","B1501","1B.14-Mar-15","2015-01-13",1,FALSE,1,1,"BF593 BM564",0.05810546875
951,"BM710","BF593","BM564","1B","17-Sep-12","B1204","1B","1B",0,"30-Sep-15","1B","B1504","1B.30-Sep-15","2015-08-01",1,FALSE,0.833333333333333,1,"BF593 BM564",0.05810546875
952,"BM719","BF627","BM455","1B","03-Jul-13","B1304","1B","1B",0,"30-Sep-15","1B","B1504","1B.30-Sep-15","2015-08-01",1,FALSE,0.833333333333333,1,"BF627 BM455",0.015625
953,"HF299","HF240","HM223","1H","23-Apr-12","H1202","1H","1H",0,"15-Oct-14","1H","H1404","1H.15-Oct-14","2014-08-16",1,FALSE,1,1,"HF240 HM223",0.404052734375
954,"BF712","BF659","BM500","1B","29-Sep-14","B1405","1B","1B",0,"30-Sep-15","1B","B1504","1B.30-Sep-15","2015-08-01",1,FALSE,0.833333333333333,1,"BF659 BM500",0.04931640625
955,"BM707","BF669","BM558","1B","29-Sep-14","B1405","1B","1B",0,"30-Sep-15","1B","B1504","1B.30-Sep-15","2015-08-01",1,FALSE,0.833333333333333,1,"BF669 BM558",0.03662109375
956,"BM715","BF674","BM558","1B","29-Sep-14","B1405","1B","1B",0,"30-Sep-15","1B","B1504","1B.30-Sep-15","2015-08-01",1,FALSE,0.833333333333333,1,"BF674 BM558",0.157470703125
957,"HM265","HF242","HM195","1H","23-Apr-12","H1202","1H","1H",0,"06-Jun-13","1H","H1303","1H.06-Jun-13","2013-04-07",1,FALSE,1,1,"HF242 HM195",0.117431640625
959,"HM292","HF260","HM246","1H","06-Jun-13","H1303","1H","1H",0,"15-Oct-14","1H","H1404","1H.15-Oct-14","2014-08-16",1,FALSE,1,1,"HF260 HM246",0.177978515625
